"","bay_id","year","habitat","sp_code","species_scientific","species_common","total_abund_sp","total_biom_sp","perc_abund","perc_biom","totals"
"1","ABES_A",2022,"eelgrass","GREENMAS","Hexagrammos octogrammus","Masked greenling",4,14.365480088,0.00214938205265986,0.000266049297338536,1
"2","ABES_A",2022,"eelgrass","GREENWHI","Hexagrammos stelleri","Whitespotted greenling",8,40.492452021,0.00429876410531972,0.000749921919887696,1
"3","ABES_A",2022,"eelgrass","GUNNCRE","Pholis laeta","Crescent gunnel",148,597.56874277,0.0795271359484148,0.0110669983287391,1
"4","ABES_A",2022,"eelgrass","PERCHSH","Cymatogaster aggregata","Shiner perch",1373,50905.3066563,0.737775389575497,0.942768427072934,1
"5","ABES_A",2022,"eelgrass","PIPEFISH","Syngnathus leptorhynchus","Bay pipefish",117,241.051457331,0.0628694250403009,0.00446428316022059,1
"6","ABES_A",2022,"eelgrass","PRICKSN","Lumpenus sagitta","Snake prickleback",100,605.295983816,0.0537345513164965,0.011210107158939,1
"7","ABES_A",2022,"eelgrass","ROCKBRO","Sebastes auriculatus","Brown rockfish",11,45.914576534,0.00591080064481462,0.0008503398946389,1
"8","ABES_A",2022,"eelgrass","ROCKCQ","Sebastes sp","Copperquillback juvenile rockfish",1,14.56006705,0.000537345513164965,0.000269653056084795,1
"9","ABES_A",2022,"eelgrass","SCULPSTG","Leptocottus armatus","Pacific staghorn sculpin",3,1370.2773067,0.0016120365394949,0.0253775935348661,1
"10","ABES_A",2022,"eelgrass","STICK3","Gasterosteus aculeatus","Threespine stickleback",96,160.724610964,0.0515851692638366,0.00297662657635099,1
"11","BLAQ_A",2022,"eelgrass","GREENKEL","Hexagrammos decagrammus","Kelp greenling",4,409.77426956,0.00583941605839416,0.0842416739737325,1
"12","BLAQ_A",2022,"eelgrass","GREENMAS","Hexagrammos octogrammus","Masked greenling",7,10.089820513,0.0102189781021898,0.00207427218654384,1
"13","BLAQ_A",2022,"eelgrass","GREENWHI","Hexagrammos stelleri","Whitespotted greenling",60,421.458146421,0.0875912408759124,0.0866436533521119,1
"14","BLAQ_A",2022,"eelgrass","GUNNCRE","Pholis laeta","Crescent gunnel",122,850.269207525,0.178102189781022,0.174798923922521,1
"15","BLAQ_A",2022,"eelgrass","LINGCOD","Ophiodon elongatus","Lingcod",7,112.7440202,0.0102189781021898,0.0231779926113336,1
"16","BLAQ_A",2022,"eelgrass","PERCHSH","Cymatogaster aggregata","Shiner perch",9,293.54326423,0.0131386861313869,0.0603468245797899,1
"17","BLAQ_A",2022,"eelgrass","PIPEFISH","Syngnathus leptorhynchus","Bay pipefish",213,478.347588701,0.310948905109489,0.0983390237184484,1
"18","BLAQ_A",2022,"eelgrass","PRICKSN","Lumpenus sagitta","Snake prickleback",180,635.026505672,0.262773722627737,0.130549182389955,1
"19","BLAQ_A",2022,"eelgrass","ROCKBRO","Sebastes auriculatus","Brown rockfish",33,88.686131502,0.0481751824817518,0.0182321554352478,1
"20","BLAQ_A",2022,"eelgrass","ROCKCOP","Sebastes caurinus","Copper rockfish",13,1449.35315074,0.018978102189781,0.297959009794693,1
"21","BLAQ_A",2022,"eelgrass","ROCKCQ","Sebastes sp","Copperquillback juvenile rockfish",6,37.461179959,0.00875912408759124,0.0077012949401776,1
"22","BLAQ_A",2022,"eelgrass","SCULPSTG","Leptocottus armatus","Pacific staghorn sculpin",1,13.5946612,0.00145985401459854,0.00279479972674581,1
"23","BLAQ_A",2022,"eelgrass","SCULSILV","Blepsias cirrhosus","Silverspotted sculpin",9,16.963562835,0.0131386861313869,0.00348738082387028,1
"24","BLAQ_A",2022,"eelgrass","STICK3","Gasterosteus aculeatus","Threespine stickleback",21,46.95875328,0.0306569343065693,0.00965381254482957,1
"25","BOST_A",2021,"eelgrass","GUNNCRE","Pholis laeta","Crescent gunnel",2,2.914368711,0.021978021978022,0.0099668248926957,1
"26","BOST_A",2021,"eelgrass","PERCHSH","Cymatogaster aggregata","Shiner perch",73,256.770965465,0.802197802197802,0.878128851939239,1
"27","BOST_A",2021,"eelgrass","PIPEFISH","Syngnathus leptorhynchus","Bay pipefish",15,17.462713326,0.164835164835165,0.0597205855301216,1
"28","BOST_A",2021,"eelgrass","SANDLNCP","Ammodytes personatus","Pacific sand lance",1,15.25888674,0.010989010989011,0.0521837376379437,1
"29","BOST_B",2021,"kelp","GREENWHI","Hexagrammos stelleri","Whitespotted greenling",4,270.653693069,0.0227272727272727,0.147984094079897,1
"30","BOST_B",2021,"kelp","GUNNCRE","Pholis laeta","Crescent gunnel",35,194.093596738,0.198863636363636,0.106123676918235,1
"31","BOST_B",2021,"kelp","PERCHSH","Cymatogaster aggregata","Shiner perch",55,942.751047836,0.3125,0.515463721092905,1
"32","BOST_B",2021,"kelp","PIPEFISH","Syngnathus leptorhynchus","Bay pipefish",78,19.93436602,0.443181818181818,0.0108994230341971,1
"33","BOST_B",2021,"kelp","SCULPSTG","Leptocottus armatus","Pacific staghorn sculpin",4,401.50502611,0.0227272727272727,0.219529084874767,1
"34","CLAM_A",2022,"mixed","CODPAC","Gadus macrocephalus","Pacific cod",3,6.042248676,0.0103448275862069,0.000382840329102877,1
"35","CLAM_A",2022,"mixed","GREENROC","Hexagrammos lagocephalus","Rock greenling",1,3.046047011,0.00344827586206897,0.000192999279355392,1
"36","CLAM_A",2022,"mixed","GREENWHI","Hexagrammos stelleri","Whitespotted greenling",38,326.089526615,0.131034482758621,0.0206612187582012,1
"37","CLAM_A",2022,"mixed","GUNNCRE","Pholis laeta","Crescent gunnel",8,46.609535526,0.0275862068965517,0.00295320680709204,1
"38","CLAM_A",2022,"mixed","PERCHSH","Cymatogaster aggregata","Shiner perch",3,123.90559629,0.0103448275862069,0.00785072938983284,1
"39","CLAM_A",2022,"mixed","PIPEFISH","Syngnathus leptorhynchus","Bay pipefish",69,65.524184579,0.237931034482759,0.00415164978033122,1
"40","CLAM_A",2022,"mixed","PRICKSN","Lumpenus sagitta","Snake prickleback",1,10.04652787,0.00344827586206897,0.000636553747178482,1
"41","CLAM_A",2022,"mixed","ROCKCOP","Sebastes caurinus","Copper rockfish",3,50.85787212,0.0103448275862069,0.00322238384150424,1
"42","CLAM_A",2022,"mixed","ROCKCQ","Sebastes sp","Copperquillback juvenile rockfish",14,83.138801109,0.0482758620689655,0.00526772194997758,1
"43","CLAM_A",2022,"mixed","SANDLNCP","Ammodytes personatus","Pacific sand lance",149,15066.34351384,0.513793103448276,0.954612135069215,1
"44","CLAM_A",2022,"mixed","SCULSILV","Blepsias cirrhosus","Silverspotted sculpin",1,1.082077491,0.00344827586206897,6.85610482095383e-05,1
"45","DALL_A",2021,"eelgrass","CODPAC","Gadus macrocephalus","Pacific cod",11,6.918151423,0.0143603133159269,0.00127191630116764,1
"46","DALL_A",2021,"eelgrass","GREENWHI","Hexagrammos stelleri","Whitespotted greenling",7,19.320921698,0.00913838120104439,0.00355219100576048,1
"47","DALL_A",2021,"eelgrass","GUNNCRE","Pholis laeta","Crescent gunnel",56,242.80838997,0.0731070496083551,0.0446408195455758,1
"48","DALL_A",2021,"eelgrass","PERCHSH","Cymatogaster aggregata","Shiner perch",3,67.68916905,0.00391644908616188,0.0124447922953748,1
"49","DALL_A",2021,"eelgrass","PIPEFISH","Syngnathus leptorhynchus","Bay pipefish",10,10.312595131,0.0130548302872063,0.00189599172560073,1
"50","DALL_A",2021,"eelgrass","PRICKSN","Lumpenus sagitta","Snake prickleback",644,4503.743844938,0.840731070496084,0.828022525441628,1
"51","DALL_A",2021,"eelgrass","SALPINK","Oncorhynchus gorbuscha","Pink salmon",2,33.96149146,0.00261096605744125,0.00624388972700569,1
"52","DALL_A",2021,"eelgrass","SCULPSTG","Leptocottus armatus","Pacific staghorn sculpin",2,382.8225419,0.00261096605744125,0.0703827079988793,1
"53","DALL_A",2021,"eelgrass","SOLEROC","Lepidopsetta spp.","Rock sole",2,46.061298435,0.00261096605744125,0.00846846400870168,1
"54","DALL_A",2021,"eelgrass","STICK3","Gasterosteus aculeatus","Threespine stickleback",29,125.517786264,0.0378590078328982,0.0230767019503061,1
"55","DALL_B",2021,"kelp","GUNNCRE","Pholis laeta","Crescent gunnel",2,8.049787983,0.00436681222707424,0.00102186615273044,1
"56","DALL_B",2021,"kelp","HERRING","Clupea pallasii","Pacific herring",1,5.501294031,0.00218340611353712,0.000698352078137822,1
"57","DALL_B",2021,"kelp","PERCHSH","Cymatogaster aggregata","Shiner perch",20,597.40346086,0.0436681222707424,0.0758363297848437,1
"58","DALL_B",2021,"kelp","ROCKCQ","Sebastes sp","Copperquillback juvenile rockfish",4,13.814777731,0.00873362445414847,0.00175369261906226,1
"59","DALL_B",2021,"kelp","SALCOHO","Oncorhynchus kisutch","Coho salmon",140,2409.0138016,0.305676855895196,0.305808012647571,1
"60","DALL_B",2021,"kelp","SALPINK","Oncorhynchus gorbuscha","Pink salmon",247,2334.363364349,0.539301310043668,0.296331644415958,1
"61","DALL_B",2021,"kelp","SANDLNCP","Ammodytes personatus","Pacific sand lance",34,2465.24072566,0.074235807860262,0.312945640457198,1
"62","DALL_B",2021,"kelp","STICK3","Gasterosteus aculeatus","Threespine stickleback",10,44.149353109,0.0218340611353712,0.0056044618444992,1
"63","GUKT_A",2022,"eelgrass","CODPAC","Gadus macrocephalus","Pacific cod",2,3.951002355,0.00222469410456062,0.000746768678175657,1
"64","GUKT_A",2022,"eelgrass","GREENWHI","Hexagrammos stelleri","Whitespotted greenling",39,697.188351658,0.0433815350389321,0.131773756891904,1
"65","GUKT_A",2022,"eelgrass","GUNNCRE","Pholis laeta","Crescent gunnel",180,733.833660658,0.200222469410456,0.138699991427967,1
"66","GUKT_A",2022,"eelgrass","HERRING","Clupea pallasii","Pacific herring",1,14.80139572,0.00111234705228031,0.00279757330516175,1
"67","GUKT_A",2022,"eelgrass","LINGCOD","Ophiodon elongatus","Lingcod",3,48.4465401,0.00333704115684093,0.00915675453011998,1
"68","GUKT_A",2022,"eelgrass","PERCHSH","Cymatogaster aggregata","Shiner perch",31,504.75374494,0.0344827586206897,0.0954021924173357,1
"69","GUKT_A",2022,"eelgrass","PIPEFISH","Syngnathus leptorhynchus","Bay pipefish",28,29.058696283,0.0311457174638487,0.00549230859994356,1
"70","GUKT_A",2022,"eelgrass","PRICKSN","Lumpenus sagitta","Snake prickleback",531,1117.34538496,0.590656284760845,0.211186544886848,1
"71","GUKT_A",2022,"eelgrass","SCULPSTG","Leptocottus armatus","Pacific staghorn sculpin",22,1892.14204831,0.0244716351501669,0.35762884690486,1
"72","GUKT_A",2022,"eelgrass","SCULSILV","Blepsias cirrhosus","Silverspotted sculpin",7,31.690097881,0.00778642936596218,0.00598966297144906,1
"73","GUKT_A",2022,"eelgrass","SOLEROC","Lepidopsetta spp.","Rock sole",4,78.884966854,0.00444938820912125,0.0149098423975736,1
"74","GUKT_A",2022,"eelgrass","STICK3","Gasterosteus aculeatus","Threespine stickleback",51,138.702279069,0.0567296996662959,0.0262157569886612,1
"75","HALI_A",2022,"mixed","GREENWHI","Hexagrammos stelleri","Whitespotted greenling",3,56.28340517,0.0075187969924812,0.0302562731073858,1
"76","HALI_A",2022,"mixed","GUNNCRE","Pholis laeta","Crescent gunnel",72,397.390622604,0.180451127819549,0.213625298105266,1
"77","HALI_A",2022,"mixed","LINGCOD","Ophiodon elongatus","Lingcod",1,20.2276375,0.0025062656641604,0.0108737721655017,1
"78","HALI_A",2022,"mixed","PERCHSH","Cymatogaster aggregata","Shiner perch",46,497.750714059,0.115288220551378,0.267575877800526,1
"79","HALI_A",2022,"mixed","PIPEFISH","Syngnathus leptorhynchus","Bay pipefish",94,147.968348507,0.235588972431078,0.079543352967971,1
"80","HALI_A",2022,"mixed","PRICKSN","Lumpenus sagitta","Snake prickleback",162,282.954528314,0.406015037593985,0.152107880818184,1
"81","HALI_A",2022,"mixed","SCULPSTG","Leptocottus armatus","Pacific staghorn sculpin",1,417.0865706,0.0025062656641604,0.224213249915855,1
"82","HALI_A",2022,"mixed","SCULSILV","Blepsias cirrhosus","Silverspotted sculpin",1,4.087051092,0.0025062656641604,0.00219707627265778,1
"83","HALI_A",2022,"mixed","STICK3","Gasterosteus aculeatus","Threespine stickleback",19,36.473793011,0.0476190476190476,0.0196072188466538,1
"84","HARM_A",2022,"mixed","CODPAC","Gadus macrocephalus","Pacific cod",26,109.786325651,0.0606060606060606,0.0376392981975913,1
"85","HARM_A",2022,"mixed","GREENKEL","Hexagrammos decagrammus","Kelp greenling",1,1.83297142,0.00233100233100233,0.000628418497986357,1
"86","HARM_A",2022,"mixed","GREENMAS","Hexagrammos octogrammus","Masked greenling",3,4.734742906,0.00699300699300699,0.00162326591286408,1
"87","HARM_A",2022,"mixed","GREENWHI","Hexagrammos stelleri","Whitespotted greenling",35,101.792040135,0.0815850815850816,0.0348985261148281,1
"88","HARM_A",2022,"mixed","GUNNCRE","Pholis laeta","Crescent gunnel",177,820.948739781,0.412587412587413,0.281455219840235,1
"89","HARM_A",2022,"mixed","LINGCOD","Ophiodon elongatus","Lingcod",107,1389.0663906,0.249417249417249,0.476229473771163,1
"90","HARM_A",2022,"mixed","PIPEFISH","Syngnathus leptorhynchus","Bay pipefish",50,59.20802002,0.116550116550117,0.020298960804154,1
"91","HARM_A",2022,"mixed","PRICKSN","Lumpenus sagitta","Snake prickleback",8,61.595054914,0.0186480186480186,0.0211173352023367,1
"92","HARM_A",2022,"mixed","ROCKCOP","Sebastes caurinus","Copper rockfish",1,12.30875874,0.00233100233100233,0.00421995214713563,1
"93","HARM_A",2022,"mixed","ROCKCQ","Sebastes sp","Copperquillback juvenile rockfish",1,4.70164629,0.00233100233100233,0.00161191902251532,1
"94","HARM_A",2022,"mixed","SALPINK","Oncorhynchus gorbuscha","Pink salmon",1,4.87986785,0.00233100233100233,0.00167302075264704,1
"95","HARM_A",2022,"mixed","SANDLNCP","Ammodytes personatus","Pacific sand lance",4,297.65742671,0.00932400932400932,0.102049290548994,1
"96","HARM_A",2022,"mixed","SCULSILV","Blepsias cirrhosus","Silverspotted sculpin",2,3.961612382,0.00466200466200466,0.00135820475733364,1
"97","HARM_A",2022,"mixed","STICK3","Gasterosteus aculeatus","Threespine stickleback",6,12.265885321,0.013986013986014,0.00420525336390445,1
"98","HARM_A",2022,"mixed","UNROCK","Scorpaenidae","Juvenile rockfish",7,32.061066394,0.0163170163170163,0.0109918610663108,1
"99","HUNT_A",2021,"eelgrass","GUNNCRE","Pholis laeta","Crescent gunnel",52,144.099830281,0.146067415730337,0.079462909604791,1
"100","HUNT_A",2021,"eelgrass","PERCHSH","Cymatogaster aggregata","Shiner perch",29,631.071216348,0.0814606741573034,0.348000097717385,1
"101","HUNT_A",2021,"eelgrass","PIPEFISH","Syngnathus leptorhynchus","Bay pipefish",17,50.088459719,0.047752808988764,0.0276209537452794,1
"102","HUNT_A",2021,"eelgrass","PRICKSN","Lumpenus sagitta","Snake prickleback",228,794.15967032,0.640449438202247,0.437934159751259,1
"103","HUNT_A",2021,"eelgrass","SALCOHO","Oncorhynchus kisutch","Coho salmon",26,44.5092816,0.0730337078651685,0.0245443524357942,1
"104","HUNT_A",2021,"eelgrass","SALSOCK","Oncorhynchus nerka","Sockeye salmon",1,2.508973543,0.00280898876404494,0.00138355706220779,1
"105","HUNT_A",2021,"eelgrass","SCULPSTG","Leptocottus armatus","Pacific staghorn sculpin",2,141.15799246,0.00561797752808989,0.0778406523655825,1
"106","HUNT_A",2021,"eelgrass","STICK3","Gasterosteus aculeatus","Threespine stickleback",1,5.827102008,0.00280898876404494,0.00321331731770022,1
"107","ILDE_A",2022,"mixed","GREENKEL","Hexagrammos decagrammus","Kelp greenling",2,6.90164398,0.00264550264550265,0.000716562880005187,1
"108","ILDE_A",2022,"mixed","GREENMAS","Hexagrammos octogrammus","Masked greenling",1,42.28279718,0.00132275132275132,0.00439000954117254,1
"109","ILDE_A",2022,"mixed","GREENROC","Hexagrammos lagocephalus","Rock greenling",6,12.066882335,0.00793650793650794,0.00125284352303715,1
"110","ILDE_A",2022,"mixed","GREENWHI","Hexagrammos stelleri","Whitespotted greenling",87,956.7606146,0.115079365079365,0.0993356283604343,1
"111","ILDE_A",2022,"mixed","GUNNCRE","Pholis laeta","Crescent gunnel",58,423.21804047,0.0767195767195767,0.0439405942740812,1
"112","ILDE_A",2022,"mixed","HERRING","Clupea pallasii","Pacific herring",364,5713.321468311,0.481481481481481,0.593185347953632,1
"113","ILDE_A",2022,"mixed","LINGCOD","Ophiodon elongatus","Lingcod",3,34.0424672,0.00396825396825397,0.00353445764661337,1
"114","ILDE_A",2022,"mixed","PERCHSH","Cymatogaster aggregata","Shiner perch",43,1177.024258666,0.0568783068783069,0.122204491432732,1
"115","ILDE_A",2022,"mixed","PIPEFISH","Syngnathus leptorhynchus","Bay pipefish",117,107.426853046,0.154761904761905,0.0111535882510902,1
"116","ILDE_A",2022,"mixed","PRICKSN","Lumpenus sagitta","Snake prickleback",37,390.60087316,0.0489417989417989,0.0405541183253081,1
"117","ILDE_A",2022,"mixed","ROCKCOP","Sebastes caurinus","Copper rockfish",2,127.20338082,0.00264550264550265,0.0132068853697631,1
"118","ILDE_A",2022,"mixed","ROCKCQ","Sebastes sp","Copperquillback juvenile rockfish",4,16.002256979,0.00529100529100529,0.00166143362084222,1
"119","ILDE_A",2022,"mixed","SALPINK","Oncorhynchus gorbuscha","Pink salmon",2,17.14472258,0.00264550264550265,0.00178005006117611,1
"120","ILDE_A",2022,"mixed","SANDLNCP","Ammodytes personatus","Pacific sand lance",2,193.85269083,0.00264550264550265,0.0201267470243952,1
"121","ILDE_A",2022,"mixed","SCULPSTG","Leptocottus armatus","Pacific staghorn sculpin",3,343.518529376,0.00396825396825397,0.0356657960709258,1
"122","ILDE_A",2022,"mixed","SCULSILV","Blepsias cirrhosus","Silverspotted sculpin",4,5.670834431,0.00529100529100529,0.000588774133189921,1
"123","ILDE_A",2022,"mixed","STICK3","Gasterosteus aculeatus","Threespine stickleback",21,64.557422547,0.0277777777777778,0.00670267153160081,1
"124","KAHS_A",2021,"eelgrass","CODPAC","Gadus macrocephalus","Pacific cod",7,16.861400132,0.0492957746478873,0.00580111847248651,1
"125","KAHS_A",2021,"eelgrass","GREENWHI","Hexagrammos stelleri","Whitespotted greenling",6,90.674573208,0.0422535211267606,0.031196338234301,1
"126","KAHS_A",2021,"eelgrass","GUNNCRE","Pholis laeta","Crescent gunnel",24,95.00321758,0.169014084507042,0.0326855964590422,1
"127","KAHS_A",2021,"eelgrass","PERCHSH","Cymatogaster aggregata","Shiner perch",53,1662.68348376,0.373239436619718,0.5720416926251,1
"128","KAHS_A",2021,"eelgrass","PIPEFISH","Syngnathus leptorhynchus","Bay pipefish",11,20.881517879,0.0774647887323944,0.00718422895804062,1
"129","KAHS_A",2021,"eelgrass","ROCKCOP","Sebastes caurinus","Copper rockfish",1,34.92656496,0.00704225352112676,0.0120163888872687,1
"130","KAHS_A",2021,"eelgrass","ROCKCQ","Sebastes sp","Copperquillback juvenile rockfish",12,48.024429328,0.0845070422535211,0.016522673201768,1
"131","KAHS_A",2021,"eelgrass","ROCKQUI","Sebastes maliger","Quillback rockfish",3,608.88616562,0.0211267605633803,0.209485615391816,1
"132","KAHS_A",2021,"eelgrass","SALCOHO","Oncorhynchus kisutch","Coho salmon",1,7.8956528,0.00704225352112676,0.00271647769176016,1
"133","KAHS_A",2021,"eelgrass","SCULPSTG","Leptocottus armatus","Pacific staghorn sculpin",1,138.6527398,0.00704225352112676,0.0477030948686252,1
"134","KAHS_A",2021,"eelgrass","SCULSILV","Blepsias cirrhosus","Silverspotted sculpin",1,1.535157092,0.00704225352112676,0.000528166587285272,1
"135","KAHS_A",2021,"eelgrass","SOLEROC","Lepidopsetta spp.","Rock sole",20,174.078824314,0.140845070422535,0.0598913420884993,1
"136","KAHS_A",2021,"eelgrass","SOLEYEL","Limanda aspera","Yellowfin sole",1,3.282094798,0.00704225352112676,0.00112919571400215,1
"137","KAHS_A",2021,"eelgrass","STICK3","Gasterosteus aculeatus","Threespine stickleback",1,3.191627883,0.00704225352112676,0.0010980708200048,1
"138","KAHS_B",2021,"kelp","GREENKEL","Hexagrammos decagrammus","Kelp greenling",1,11.74063618,0.00763358778625954,0.00299724039071237,1
"139","KAHS_B",2021,"kelp","GREENMAS","Hexagrammos octogrammus","Masked greenling",1,0.948967673,0.00763358778625954,0.000242259805634819,1
"140","KAHS_B",2021,"kelp","GREENWHI","Hexagrammos stelleri","Whitespotted greenling",1,118.1030214,0.00763358778625954,0.0301502525568634,1
"141","KAHS_B",2021,"kelp","GUNNCRE","Pholis laeta","Crescent gunnel",3,14.091145602,0.0229007633587786,0.00359729661171763,1
"142","KAHS_B",2021,"kelp","PERCHSH","Cymatogaster aggregata","Shiner perch",96,2316.539893458,0.732824427480916,0.591384217083273,1
"143","KAHS_B",2021,"kelp","ROCKCOP","Sebastes caurinus","Copper rockfish",3,92.92454694,0.0229007633587786,0.0237224968994155,1
"144","KAHS_B",2021,"kelp","ROCKCQ","Sebastes sp","Copperquillback juvenile rockfish",2,12.742434632,0.0152671755725191,0.00325298724613427,1
"145","KAHS_B",2021,"kelp","SANDLNCP","Ammodytes personatus","Pacific sand lance",14,876.04109207,0.106870229007634,0.223642544136478,1
"146","KAHS_B",2021,"kelp","SCULPSTG","Leptocottus armatus","Pacific staghorn sculpin",1,202.8455818,0.00763358778625954,0.0517839886635947,1
"147","KAHS_B",2021,"kelp","SCULSILV","Blepsias cirrhosus","Silverspotted sculpin",3,3.773161016,0.0229007633587786,0.000963241720843148,1
"148","KAHS_B",2021,"kelp","SOLEROC","Lepidopsetta spp.","Rock sole",6,267.39817917,0.0458015267175573,0.0682634748853334,1
"149","KARH_A",2022,"mixed","CODPAC","Gadus macrocephalus","Pacific cod",1,12.38358638,0.00238663484486874,0.00340719050784604,1
"150","KARH_A",2022,"mixed","GREENKEL","Hexagrammos decagrammus","Kelp greenling",29,200.69295984,0.0692124105011933,0.0552181837131397,1
"151","KARH_A",2022,"mixed","GREENMAS","Hexagrammos octogrammus","Masked greenling",19,48.705361959,0.045346062052506,0.0134006774657723,1
"152","KARH_A",2022,"mixed","GREENWHI","Hexagrammos stelleri","Whitespotted greenling",69,1258.209505732,0.164677804295943,0.346180771326095,1
"153","KARH_A",2022,"mixed","GUNNCRE","Pholis laeta","Crescent gunnel",201,779.450948108,0.479713603818616,0.214456280291653,1
"154","KARH_A",2022,"mixed","LINGCOD","Ophiodon elongatus","Lingcod",17,364.1240617,0.0405727923627685,0.100184228432102,1
"155","KARH_A",2022,"mixed","PERCHSH","Cymatogaster aggregata","Shiner perch",17,471.28956471,0.0405727923627685,0.129669490085699,1
"156","KARH_A",2022,"mixed","PIPEFISH","Syngnathus leptorhynchus","Bay pipefish",23,40.74077609,0.0548926014319809,0.011209320249933,1
"157","KARH_A",2022,"mixed","POLLOCK","Gadus chalcogrammus","Walleye pollock",1,4.250524926,0.00238663484486874,0.00116947932019272,1
"158","KARH_A",2022,"mixed","PRICKSN","Lumpenus sagitta","Snake prickleback",22,367.755471905,0.0525059665871122,0.101183366000242,1
"159","KARH_A",2022,"mixed","SALPINK","Oncorhynchus gorbuscha","Pink salmon",1,9.550699998,0.00238663484486874,0.00262775688543877,1
"160","KARH_A",2022,"mixed","SCULPSTG","Leptocottus armatus","Pacific staghorn sculpin",1,27.17980054,0.00238663484486874,0.00747818568573966,1
"161","KARH_A",2022,"mixed","SCULSILV","Blepsias cirrhosus","Silverspotted sculpin",8,26.69874559,0.0190930787589499,0.00734582937076782,1
"162","KARH_A",2022,"mixed","STICK3","Gasterosteus aculeatus","Threespine stickleback",10,23.512744711,0.0238663484486874,0.00646924066537875,1
"163","KLWA_A",2022,"eelgrass","GUNNCRE","Pholis laeta","Crescent gunnel",25,152.166803101,0.0167897918065816,0.0488630427366303,1
"164","KLWA_A",2022,"eelgrass","PERCHSH","Cymatogaster aggregata","Shiner perch",242,1233.572559984,0.16252518468771,0.39611865064435,1
"165","KLWA_A",2022,"eelgrass","PIPEFISH","Syngnathus leptorhynchus","Bay pipefish",47,62.302976959,0.0315648085963734,0.0200064203474542,1
"166","KLWA_A",2022,"eelgrass","PRICKSN","Lumpenus sagitta","Snake prickleback",32,338.567578643,0.0214909335124244,0.1087191274794,1
"167","KLWA_A",2022,"eelgrass","SCULPSTG","Leptocottus armatus","Pacific staghorn sculpin",3,169.63896508,0.00201477501678979,0.0544736160028278,1
"168","KLWA_A",2022,"eelgrass","STICK3","Gasterosteus aculeatus","Threespine stickleback",1140,1157.900268204,0.765614506380121,0.371819142789338,1
"169","MOIR_A",2021,"eelgrass","CODPAC","Gadus macrocephalus","Pacific cod",7,6.215587685,0.0236486486486486,0.00159812980180462,1
"170","MOIR_A",2021,"eelgrass","GREENWHI","Hexagrammos stelleri","Whitespotted greenling",67,865.367913087,0.226351351351351,0.22250032040692,1
"171","MOIR_A",2021,"eelgrass","PERCHSH","Cymatogaster aggregata","Shiner perch",34,1023.123793364,0.114864864864865,0.263061951335082,1
"172","MOIR_A",2021,"eelgrass","PIPEFISH","Syngnathus leptorhynchus","Bay pipefish",92,143.406062194,0.310810810810811,0.0368720567332289,1
"173","MOIR_A",2021,"eelgrass","PRICKSN","Lumpenus sagitta","Snake prickleback",42,653.400783588,0.141891891891892,0.16800008586388,1
"174","MOIR_A",2021,"eelgrass","SCULPSTG","Leptocottus armatus","Pacific staghorn sculpin",17,1121.43449862,0.0574324324324324,0.28833925025972,1
"175","MOIR_A",2021,"eelgrass","STICK3","Gasterosteus aculeatus","Threespine stickleback",37,76.339752168,0.125,0.0196282055993648,1
"176","MOIR_B",2021,"kelp","CODPAC","Gadus macrocephalus","Pacific cod",1,1.61481589,0.0078125,0.000586560630510872,1
"177","MOIR_B",2021,"kelp","GUNNCRE","Pholis laeta","Crescent gunnel",2,8.208302022,0.015625,0.00298155773624942,1
"178","MOIR_B",2021,"kelp","PERCHSH","Cymatogaster aggregata","Shiner perch",122,2731.626961702,0.953125,0.992227561605442,1
"179","MOIR_B",2021,"kelp","PIPEFISH","Syngnathus leptorhynchus","Bay pipefish",1,3.996054904,0.0078125,0.00145151437916944,1
"180","MOIR_B",2021,"kelp","SCULPSTG","Leptocottus armatus","Pacific staghorn sculpin",1,7.507364769,0.0078125,0.00272695149933145,1
"181","MOIR_B",2021,"kelp","STICK3","Gasterosteus aculeatus","Threespine stickleback",1,0.071177111,0.0078125,2.58541492963029e-05,1
"182","NATZ_A",2022,"eelgrass","GUNNCRE","Pholis laeta","Crescent gunnel",71,423.284531806,0.0184895833333333,0.0611400607965415,1
"183","NATZ_A",2022,"eelgrass","PERCHSH","Cymatogaster aggregata","Shiner perch",39,1131.992079139,0.01015625,0.163507190410356,1
"184","NATZ_A",2022,"eelgrass","PIPEFISH","Syngnathus leptorhynchus","Bay pipefish",74,145.477662184,0.0192708333333333,0.0210130832622654,1
"185","NATZ_A",2022,"eelgrass","PRICKSN","Lumpenus sagitta","Snake prickleback",588,1417.294501862,0.153125,0.204716840562843,1
"186","NATZ_A",2022,"eelgrass","SCULPSTG","Leptocottus armatus","Pacific staghorn sculpin",10,951.33113682,0.00260416666666667,0.137412164093621,1
"187","NATZ_A",2022,"eelgrass","SOLEROC","Lepidopsetta spp.","Rock sole",1,77.26610636,0.000260416666666667,0.0111604702874604,1
"188","NATZ_A",2022,"eelgrass","STICK3","Gasterosteus aculeatus","Threespine stickleback",3057,2776.548468249,0.79609375,0.401050190586912,1
"189","NFEI_A",2022,"eelgrass","GREENMAS","Hexagrammos octogrammus","Masked greenling",1,60.10400076,0.00215982721382289,0.0288965787681592,1
"190","NFEI_A",2022,"eelgrass","GREENWHI","Hexagrammos stelleri","Whitespotted greenling",5,58.596823464,0.0107991360691145,0.0281719636526804,1
"191","NFEI_A",2022,"eelgrass","GUNNCRE","Pholis laeta","Crescent gunnel",175,745.404199818,0.377969762419006,0.358372669070183,1
"192","NFEI_A",2022,"eelgrass","PERCHSH","Cymatogaster aggregata","Shiner perch",19,461.271537831,0.041036717062635,0.221768420702439,1
"193","NFEI_A",2022,"eelgrass","PIPEFISH","Syngnathus leptorhynchus","Bay pipefish",153,249.896447425,0.330453563714903,0.120144287993977,1
"194","NFEI_A",2022,"eelgrass","PRICKSN","Lumpenus sagitta","Snake prickleback",25,199.032020163,0.0539956803455724,0.0956898771346612,1
"195","NFEI_A",2022,"eelgrass","ROCKBRO","Sebastes auriculatus","Brown rockfish",5,19.269411467,0.0107991360691145,0.00926427624170414,1
"196","NFEI_A",2022,"eelgrass","ROCKCQ","Sebastes sp","Copperquillback juvenile rockfish",4,33.113213494,0.00863930885529158,0.0159200480816087,1
"197","NFEI_A",2022,"eelgrass","SCULPSTG","Leptocottus armatus","Pacific staghorn sculpin",4,113.02168425,0.00863930885529158,0.0543381465483687,1
"198","NFEI_A",2022,"eelgrass","SCULSILV","Blepsias cirrhosus","Silverspotted sculpin",1,5.942334333,0.00215982721382289,0.0028569334811161,1
"199","NFEI_A",2022,"eelgrass","STICK3","Gasterosteus aculeatus","Threespine stickleback",71,134.317767053,0.153347732181425,0.0645767983251016,1
"200","NICH_A",2021,"eelgrass","GREENMAS","Hexagrammos octogrammus","Masked greenling",3,3.553370858,0.0127118644067797,0.00124576055898763,1
"201","NICH_A",2021,"eelgrass","GREENWHI","Hexagrammos stelleri","Whitespotted greenling",1,11.3236304,0.00423728813559322,0.00396990145430897,1
"202","NICH_A",2021,"eelgrass","GUNNCRE","Pholis laeta","Crescent gunnel",15,136.268523937,0.0635593220338983,0.0477737785714052,1
"203","NICH_A",2021,"eelgrass","PERCHSH","Cymatogaster aggregata","Shiner perch",92,2349.190000219,0.389830508474576,0.823592122745148,1
"204","NICH_A",2021,"eelgrass","PIPEFISH","Syngnathus leptorhynchus","Bay pipefish",116,135.215357167,0.491525423728814,0.0474045534956863,1
"205","NICH_A",2021,"eelgrass","SALCOHO","Oncorhynchus kisutch","Coho salmon",3,72.1374192,0.0127118644067797,0.0252903384582541,1
"206","NICH_A",2021,"eelgrass","SCULPSTG","Leptocottus armatus","Pacific staghorn sculpin",3,141.4247368,0.0127118644067797,0.0495814724134393,1
"207","NICH_A",2021,"eelgrass","SCULSILV","Blepsias cirrhosus","Silverspotted sculpin",2,1.745203387,0.00847457627118644,0.000611843129754238,1
"208","NICH_A",2021,"eelgrass","STICK3","Gasterosteus aculeatus","Threespine stickleback",1,1.512410132,0.00423728813559322,0.000530229173016669,1
"209","NICH_B",2021,"kelp","GUNNCRE","Pholis laeta","Crescent gunnel",11,76.482236655,0.244444444444444,0.104760674439886,1
"210","NICH_B",2021,"kelp","PERCHSH","Cymatogaster aggregata","Shiner perch",16,357.569927356,0.355555555555556,0.4897773442245,1
"211","NICH_B",2021,"kelp","ROCKBLA","Sebastes melanops","Black rockfish",1,6.34910693,0.0222222222222222,0.00869661705995978,1
"212","NICH_B",2021,"kelp","ROCKCOP","Sebastes caurinus","Copper rockfish",1,33.28965504,0.0222222222222222,0.04559812665512,1
"213","NICH_B",2021,"kelp","ROCKCQ","Sebastes sp","Copperquillback juvenile rockfish",7,33.878117335,0.155555555555556,0.0464041661958401,1
"214","NICH_B",2021,"kelp","ROCKQUI","Sebastes maliger","Quillback rockfish",8,218.53986288,0.177777777777778,0.299342493480966,1
"215","NICH_B",2021,"kelp","SCULPSTG","Leptocottus armatus","Pacific staghorn sculpin",1,3.957381215,0.0222222222222222,0.00542057794372875,1
"216","NOSK_A",2022,"eelgrass","GREENMAS","Hexagrammos octogrammus","Masked greenling",3,7.785184768,0.00150375939849624,0.00104828663573773,1
"217","NOSK_A",2022,"eelgrass","GREENWHI","Hexagrammos stelleri","Whitespotted greenling",9,46.787028469,0.00451127819548872,0.00629994253592177,1
"218","NOSK_A",2022,"eelgrass","GUNNCRE","Pholis laeta","Crescent gunnel",81,390.444992042,0.0406015037593985,0.0525739952673598,1
"219","NOSK_A",2022,"eelgrass","PERCHSH","Cymatogaster aggregata","Shiner perch",16,268.871145979,0.00802005012531328,0.036203897205343,1
"220","NOSK_A",2022,"eelgrass","PIPEFISH","Syngnathus leptorhynchus","Bay pipefish",17,35.537483516,0.00852130325814536,0.00478517468085001,1
"221","NOSK_A",2022,"eelgrass","PRICKSN","Lumpenus sagitta","Snake prickleback",579,2256.130006858,0.290225563909774,0.303791240048334,1
"222","NOSK_A",2022,"eelgrass","SCULPSTG","Leptocottus armatus","Pacific staghorn sculpin",17,1237.65333567,0.00852130325814536,0.166651850935118,1
"223","NOSK_A",2022,"eelgrass","SCULSILV","Blepsias cirrhosus","Silverspotted sculpin",8,31.353863234,0.00401002506265664,0.00422184402636786,1
"224","NOSK_A",2022,"eelgrass","STICK3","Gasterosteus aculeatus","Threespine stickleback",1265,3152.017154795,0.634085213032581,0.424423768664968,1
"225","NSTP_A",2022,"mixed","GREENMAS","Hexagrammos octogrammus","Masked greenling",7,8.436283456,0.0201149425287356,0.00342616965990267,1
"226","NSTP_A",2022,"mixed","GREENWHI","Hexagrammos stelleri","Whitespotted greenling",38,808.045215334,0.109195402298851,0.328165834522532,1
"227","NSTP_A",2022,"mixed","GUNNCRE","Pholis laeta","Crescent gunnel",34,165.64204613,0.0977011494252874,0.0672710626444371,1
"228","NSTP_A",2022,"mixed","LINGCOD","Ophiodon elongatus","Lingcod",19,312.3173032,0.0545977011494253,0.12683927396079,1
"229","NSTP_A",2022,"mixed","PERCHSH","Cymatogaster aggregata","Shiner perch",4,69.921947063,0.0114942528735632,0.028396918481703,1
"230","NSTP_A",2022,"mixed","PIPEFISH","Syngnathus leptorhynchus","Bay pipefish",180,246.291489907,0.517241379310345,0.100024665436228,1
"231","NSTP_A",2022,"mixed","PRICKSN","Lumpenus sagitta","Snake prickleback",29,112.258469541,0.0833333333333333,0.0455907585863462,1
"232","NSTP_A",2022,"mixed","ROCKBRO","Sebastes auriculatus","Brown rockfish",9,33.573207014,0.0258620689655172,0.0136348551891282,1
"233","NSTP_A",2022,"mixed","ROCKCQ","Sebastes sp","Copperquillback juvenile rockfish",4,31.896342568,0.0114942528735632,0.0129538417880709,1
"234","NSTP_A",2022,"mixed","ROCKSP","Sebastes sp","Yellowtail/black juvenile rockfish complex",3,70.78731441,0.00862068965517241,0.0287483641585138,1
"235","NSTP_A",2022,"mixed","SALPINK","Oncorhynchus gorbuscha","Pink salmon",7,15.046636274,0.0201149425287356,0.00611078669350602,1
"236","NSTP_A",2022,"mixed","SANDLNCP","Ammodytes personatus","Pacific sand lance",6,177.697147554,0.0172413793103448,0.072166917905984,1
"237","NSTP_A",2022,"mixed","SCULPSTG","Leptocottus armatus","Pacific staghorn sculpin",1,315.7534114,0.0028735632183908,0.128234756903532,1
"238","NSTP_A",2022,"mixed","SCULSILV","Blepsias cirrhosus","Silverspotted sculpin",3,6.647830922,0.00862068965517241,0.00269983775769414,1
"239","NSTP_A",2022,"mixed","SOLEROC","Lepidopsetta spp.","Rock sole",1,79.77328577,0.0028735632183908,0.0323977747786003,1
"240","NSTP_A",2022,"mixed","STICK3","Gasterosteus aculeatus","Threespine stickleback",3,8.219629626,0.00862068965517241,0.0033381815330315,1
"241","REEF_A",2021,"eelgrass","CODPAC","Gadus macrocephalus","Pacific cod",1003,1069.118621296,0.4012,0.0174141419863976,1
"242","REEF_A",2021,"eelgrass","GREENWHI","Hexagrammos stelleri","Whitespotted greenling",6,10.074778033,0.0024,0.000164101168620023,1
"243","REEF_A",2021,"eelgrass","GUNNCRE","Pholis laeta","Crescent gunnel",42,234.531807471,0.0168,0.00382012820118647,1
"244","REEF_A",2021,"eelgrass","LINGCOD","Ophiodon elongatus","Lingcod",4,28.9332722,0.0016,0.00047127428162379,1
"245","REEF_A",2021,"eelgrass","PERCHSH","Cymatogaster aggregata","Shiner perch",1,30.33103725,4e-04,0.000494041520505868,1
"246","REEF_A",2021,"eelgrass","PIPEFISH","Syngnathus leptorhynchus","Bay pipefish",29,51.40839278,0.0116,0.000837356148635968,1
"247","REEF_A",2021,"eelgrass","PRICKSN","Lumpenus sagitta","Snake prickleback",2,10.349394031,8e-04,0.000168574200784696,1
"248","REEF_A",2021,"eelgrass","SALCOHO","Oncorhynchus kisutch","Coho salmon",20,333.5336144,0.008,0.00543270092083626,1
"249","REEF_A",2021,"eelgrass","SALPINK","Oncorhynchus gorbuscha","Pink salmon",217,2529.548708328,0.0868,0.0412020887962221,1
"250","REEF_A",2021,"eelgrass","SANDLNCP","Ammodytes personatus","Pacific sand lance",1162,56653.291468782,0.4648,0.922786716069171,1
"251","REEF_A",2021,"eelgrass","SCULPSTG","Leptocottus armatus","Pacific staghorn sculpin",3,431.10974598,0.0012,0.00702205178983313,1
"252","REEF_A",2021,"eelgrass","SCULSILV","Blepsias cirrhosus","Silverspotted sculpin",2,1.852728797,8e-04,3.01778321793096e-05,1
"253","REEF_A",2021,"eelgrass","SOLEROC","Lepidopsetta spp.","Rock sole",2,5.843563848,8e-04,9.51818147478304e-05,1
"254","REEF_A",2021,"eelgrass","SOLEYEL","Limanda aspera","Yellowfin sole",7,3.773580345,0.0028,6.14652692563245e-05,1
"255","REEF_B",2021,"kelp","CODPAC","Gadus macrocephalus","Pacific cod",23,25.974685507,0.273809523809524,0.0875809356610007,1
"256","REEF_B",2021,"kelp","GREENWHI","Hexagrammos stelleri","Whitespotted greenling",1,2.069755513,0.0119047619047619,0.00697876108525754,1
"257","REEF_B",2021,"kelp","GUNNCRE","Pholis laeta","Crescent gunnel",13,37.385079556,0.154761904761905,0.1260542787474,1
"258","REEF_B",2021,"kelp","LINGCOD","Ophiodon elongatus","Lingcod",11,57.3513955,0.130952380952381,0.193376311640057,1
"259","REEF_B",2021,"kelp","PIPEFISH","Syngnathus leptorhynchus","Bay pipefish",2,3.86217215,0.0238095238095238,0.0130223963824202,1
"260","REEF_B",2021,"kelp","ROCKCQ","Sebastes sp","Copperquillback juvenile rockfish",2,12.101504521,0.0238095238095238,0.0408036158347089,1
"261","REEF_B",2021,"kelp","SALCHUM","Oncorhynchus keta","Chum salmon",2,20.292530891,0.0238095238095238,0.068421958059303,1
"262","REEF_B",2021,"kelp","SALCOHO","Oncorhynchus kisutch","Coho salmon",1,15.3174672,0.0119047619047619,0.0516471357842296,1
"263","REEF_B",2021,"kelp","SALPINK","Oncorhynchus gorbuscha","Pink salmon",13,52.812953263,0.154761904761905,0.178073681028697,1
"264","REEF_B",2021,"kelp","SANDLNCP","Ammodytes personatus","Pacific sand lance",1,48.80348056,0.0119047619047619,0.164554619527785,1
"265","REEF_B",2021,"kelp","SCULSILV","Blepsias cirrhosus","Silverspotted sculpin",15,20.608194446,0.178571428571429,0.0694863062491407,1
"266","REFU_A",2022,"eelgrass","GREENWHI","Hexagrammos stelleri","Whitespotted greenling",3,14.71072962,0.00328227571115974,0.00495434730768454,1
"267","REFU_A",2022,"eelgrass","GUNNCRE","Pholis laeta","Crescent gunnel",142,626.687015644,0.155361050328228,0.211058540869077,1
"268","REFU_A",2022,"eelgrass","PERCHSH","Cymatogaster aggregata","Shiner perch",19,756.2617266,0.0207877461706783,0.254697309098226,1
"269","REFU_A",2022,"eelgrass","PIPEFISH","Syngnathus leptorhynchus","Bay pipefish",85,123.544530784,0.0929978118161926,0.0416078963640731,1
"270","REFU_A",2022,"eelgrass","PRICKSN","Lumpenus sagitta","Snake prickleback",100,340.91536384,0.109409190371991,0.114815047153929,1
"271","REFU_A",2022,"eelgrass","SANDLNCP","Ammodytes personatus","Pacific sand lance",1,6.426240978,0.00109409190371991,0.00216425904834803,1
"272","REFU_A",2022,"eelgrass","SCULPSTG","Leptocottus armatus","Pacific staghorn sculpin",13,706.136130083,0.0142231947483589,0.237815779727144,1
"273","REFU_A",2022,"eelgrass","STICK3","Gasterosteus aculeatus","Threespine stickleback",551,394.575100215,0.602844638949672,0.132886820431517,1
"274","ROSA_A",2022,"mixed","GREENWHI","Hexagrammos stelleri","Whitespotted greenling",55,1866.629562141,0.0580168776371308,0.295749433617965,1
"275","ROSA_A",2022,"mixed","GUNNCRE","Pholis laeta","Crescent gunnel",135,1244.070147232,0.142405063291139,0.197110904534731,1
"276","ROSA_A",2022,"mixed","LINGCOD","Ophiodon elongatus","Lingcod",25,270.3290037,0.0263713080168776,0.0428310208711591,1
"277","ROSA_A",2022,"mixed","PERCHSH","Cymatogaster aggregata","Shiner perch",1,11.21379069,0.00105485232067511,0.00177671687652582,1
"278","ROSA_A",2022,"mixed","PIPEFISH","Syngnathus leptorhynchus","Bay pipefish",91,77.703936363,0.0959915611814346,0.0123114385603563,1
"279","ROSA_A",2022,"mixed","PRICKSN","Lumpenus sagitta","Snake prickleback",80,271.125543023,0.0843881856540084,0.0429572248370716,1
"280","ROSA_A",2022,"mixed","ROCKBRO","Sebastes auriculatus","Brown rockfish",2,4.883938094,0.00210970464135021,0.000773812841295072,1
"281","ROSA_A",2022,"mixed","ROCKCOP","Sebastes caurinus","Copper rockfish",1,93.5746875,0.00105485232067511,0.0148260058612597,1
"282","ROSA_A",2022,"mixed","ROCKQUI","Sebastes maliger","Quillback rockfish",1,237.28,0.00105485232067511,0.0375947252910644,1
"283","ROSA_A",2022,"mixed","SANDLNCP","Ammodytes personatus","Pacific sand lance",1,70.85984381,0.00105485232067511,0.0112270581684284,1
"284","ROSA_A",2022,"mixed","SCULPSTG","Leptocottus armatus","Pacific staghorn sculpin",2,206.38806959,0.00210970464135021,0.0327001971493136,1
"285","ROSA_A",2022,"mixed","SCULSILV","Blepsias cirrhosus","Silverspotted sculpin",12,26.33423904,0.0126582278481013,0.0041724059442769,1
"286","ROSA_A",2022,"mixed","STICK3","Gasterosteus aculeatus","Threespine stickleback",542,1931.130947607,0.571729957805907,0.305969055446553,1
"287","SARI_A",2022,"mixed","CODPAC","Gadus macrocephalus","Pacific cod",37,159.41509894,0.0249158249158249,0.0334159822245407,1
"288","SARI_A",2022,"mixed","GREENWHI","Hexagrammos stelleri","Whitespotted greenling",40,202.713360633,0.0269360269360269,0.0424919979389077,1
"289","SARI_A",2022,"mixed","GUNNCRE","Pholis laeta","Crescent gunnel",244,929.155723894,0.164309764309764,0.194766062687438,1
"290","SARI_A",2022,"mixed","LINGCOD","Ophiodon elongatus","Lingcod",33,458.8604804,0.0222222222222222,0.0961845757305693,1
"291","SARI_A",2022,"mixed","PIPEFISH","Syngnathus leptorhynchus","Bay pipefish",122,277.023053282,0.0821548821548822,0.0580685109868007,1
"292","SARI_A",2022,"mixed","PRICKSN","Lumpenus sagitta","Snake prickleback",692,1237.085818845,0.465993265993266,0.259313189325402,1
"293","SARI_A",2022,"mixed","SANDLNCP","Ammodytes personatus","Pacific sand lance",2,13.986578444,0.00134680134680135,0.00293181298242494,1
"294","SARI_A",2022,"mixed","SCULPSTG","Leptocottus armatus","Pacific staghorn sculpin",6,483.06989383,0.00404040404040404,0.101259260212921,1
"295","SARI_A",2022,"mixed","SCULSILV","Blepsias cirrhosus","Silverspotted sculpin",88,216.340800228,0.0592592592592593,0.0453485296118825,1
"296","SARI_A",2022,"mixed","STICK3","Gasterosteus aculeatus","Threespine stickleback",221,792.973555283,0.148821548821549,0.166220078299113,1
"297","SFEI_A",2022,"eelgrass","GREENWHI","Hexagrammos stelleri","Whitespotted greenling",10,65.189671054,0.357142857142857,0.176353037428418,1
"298","SFEI_A",2022,"eelgrass","GUNNCRE","Pholis laeta","Crescent gunnel",2,4.04281036,0.0714285714285714,0.0109367308533048,1
"299","SFEI_A",2022,"eelgrass","PERCHSH","Cymatogaster aggregata","Shiner perch",6,238.89695738,0.214285714285714,0.646271155923944,1
"300","SFEI_A",2022,"eelgrass","SCULPSTG","Leptocottus armatus","Pacific staghorn sculpin",1,48.47403181,0.0357142857142857,0.131133392880814,1
"301","SFEI_A",2022,"eelgrass","STICK3","Gasterosteus aculeatus","Threespine stickleback",9,13.050899996,0.321428571428571,0.0353056829135189,1
"302","SHIN_A",2022,"eelgrass","GREENMAS","Hexagrammos octogrammus","Masked greenling",1,79.11805725,0.000441891294741494,0.024143479812659,1
"303","SHIN_A",2022,"eelgrass","GREENWHI","Hexagrammos stelleri","Whitespotted greenling",4,30.21903934,0.00176756517896597,0.00922157079714237,1
"304","SHIN_A",2022,"eelgrass","GUNNCRE","Pholis laeta","Crescent gunnel",19,84.418553601,0.00839593460008838,0.0257609667820757,1
"305","SHIN_A",2022,"eelgrass","PERCHSH","Cymatogaster aggregata","Shiner perch",69,1581.924367006,0.0304904993371631,0.482736310110328,1
"306","SHIN_A",2022,"eelgrass","PIPEFISH","Syngnathus leptorhynchus","Bay pipefish",34,53.93350593,0.0150243040212108,0.0164582215098169,1
"307","SHIN_A",2022,"eelgrass","PRICKSN","Lumpenus sagitta","Snake prickleback",190,286.106064997,0.0839593460008838,0.0873074522382104,1
"308","SHIN_A",2022,"eelgrass","SCULPSTG","Leptocottus armatus","Pacific staghorn sculpin",11,547.82945963,0.00486080424215643,0.167174346275506,1
"309","SHIN_A",2022,"eelgrass","SOLEROC","Lepidopsetta spp.","Rock sole",2,72.5736825,0.000883782589482987,0.0221464138437129,1
"310","SHIN_A",2022,"eelgrass","SOLEYEL","Limanda aspera","Yellowfin sole",1,11.91039868,0.000441891294741494,0.00363454917987512,1
"311","SHIN_A",2022,"eelgrass","STICK3","Gasterosteus aculeatus","Threespine stickleback",1932,528.961648286,0.853733981440566,0.161416689450674,1
"312","SYLB_A",2021,"eelgrass","GREENROC","Hexagrammos lagocephalus","Rock greenling",1,1.459109724,0.00917431192660551,0.00248493005860834,1
"313","SYLB_A",2021,"eelgrass","GREENWHI","Hexagrammos stelleri","Whitespotted greenling",29,83.128787432,0.26605504587156,0.14157209648302,1
"314","SYLB_A",2021,"eelgrass","GUNNCRE","Pholis laeta","Crescent gunnel",19,70.7122314,0.174311926605505,0.120426138231349,1
"315","SYLB_A",2021,"eelgrass","PERCHSH","Cymatogaster aggregata","Shiner perch",4,83.582354415,0.036697247706422,0.142344541633039,1
"316","SYLB_A",2021,"eelgrass","PIPEFISH","Syngnathus leptorhynchus","Bay pipefish",7,11.271299034,0.0642201834862385,0.019195533624687,1
"317","SYLB_A",2021,"eelgrass","PRICKSN","Lumpenus sagitta","Snake prickleback",23,131.406551905,0.211009174311927,0.22379131970394,1
"318","SYLB_A",2021,"eelgrass","ROCKCQ","Sebastes sp","Copperquillback juvenile rockfish",22,128.584985268,0.201834862385321,0.218986063708917,1
"319","SYLB_A",2021,"eelgrass","SALCHUM","Oncorhynchus keta","Chum salmon",1,35.99755757,0.00917431192660551,0.0613054737219868,1
"320","SYLB_A",2021,"eelgrass","SALPINK","Oncorhynchus gorbuscha","Pink salmon",2,27.925586747,0.018348623853211,0.0475585411915843,1
"321","SYLB_A",2021,"eelgrass","SCULPSTG","Leptocottus armatus","Pacific staghorn sculpin",1,13.11495398,0.00917431192660551,0.0223353616428693,1
"322","SYLB_B",2021,"kelp","CODPAC","Gadus macrocephalus","Pacific cod",1,0.713115451,0.00606060606060606,0.000493762045451309,1
"323","SYLB_B",2021,"kelp","GREENWHI","Hexagrammos stelleri","Whitespotted greenling",13,97.929119522,0.0787878787878788,0.0678062469360637,1
"324","SYLB_B",2021,"kelp","GUNNCRE","Pholis laeta","Crescent gunnel",10,37.63180823,0.0606060606060606,0.026056311891181,1
"325","SYLB_B",2021,"kelp","LINGCOD","Ophiodon elongatus","Lingcod",1,6.0718889,0.00606060606060606,0.00420418359862055,1
"326","SYLB_B",2021,"kelp","PRICKSN","Lumpenus sagitta","Snake prickleback",1,21.29893837,0.00606060606060606,0.0147474120225065,1
"327","SYLB_B",2021,"kelp","ROCKCOP","Sebastes caurinus","Copper rockfish",5,69.32438874,0.0303030303030303,0.0480002949535364,1
"328","SYLB_B",2021,"kelp","ROCKCQ","Sebastes sp","Copperquillback juvenile rockfish",47,171.204547833,0.284848484848485,0.118542246714815,1
"329","SYLB_B",2021,"kelp","ROCKQUI","Sebastes maliger","Quillback rockfish",2,90.88562534,0.0121212121212121,0.0629293226041736,1
"330","SYLB_B",2021,"kelp","SALCOHO","Oncorhynchus kisutch","Coho salmon",33,517.8956048,0.2,0.358591575596489,1
"331","SYLB_B",2021,"kelp","SALPINK","Oncorhynchus gorbuscha","Pink salmon",51,430.458045843,0.309090909090909,0.298049698542309,1
"332","SYLB_B",2021,"kelp","SCULSILV","Blepsias cirrhosus","Silverspotted sculpin",1,0.836141004,0.00606060606060606,0.000578945094853584,1
"333","TAHB_A",2021,"eelgrass","CODPAC","Gadus macrocephalus","Pacific cod",7,12.947963077,0.0180878552971576,0.0045281912490525,1
"334","TAHB_A",2021,"eelgrass","GREENWHI","Hexagrammos stelleri","Whitespotted greenling",61,287.482543253,0.157622739018088,0.100539052271935,1
"335","TAHB_A",2021,"eelgrass","GUNNCRE","Pholis laeta","Crescent gunnel",83,497.372257594,0.214470284237726,0.173942163023256,1
"336","TAHB_A",2021,"eelgrass","HERRING","Clupea pallasii","Pacific herring",7,83.90243033,0.0180878552971576,0.0293425497535919,1
"337","TAHB_A",2021,"eelgrass","LINGCOD","Ophiodon elongatus","Lingcod",28,160.4913793,0.0723514211886305,0.0561274120858095,1
"338","TAHB_A",2021,"eelgrass","PERCHSH","Cymatogaster aggregata","Shiner perch",54,1243.80974977,0.13953488372093,0.434987989299986,1
"339","TAHB_A",2021,"eelgrass","PIPEFISH","Syngnathus leptorhynchus","Bay pipefish",86,270.290620102,0.222222222222222,0.0945266536032191,1
"340","TAHB_A",2021,"eelgrass","PRICKSN","Lumpenus sagitta","Snake prickleback",35,158.896218933,0.0904392764857881,0.0555695489553905,1
"341","TAHB_A",2021,"eelgrass","ROCKBLA","Sebastes melanops","Black rockfish",1,28.09741,0.00258397932816537,0.00982629046178274,1
"342","TAHB_A",2021,"eelgrass","ROCKCOP","Sebastes caurinus","Copper rockfish",3,46.70452224,0.00775193798449612,0.0163336122941236,1
"343","TAHB_A",2021,"eelgrass","STICK3","Gasterosteus aculeatus","Threespine stickleback",22,69.416614151,0.0568475452196382,0.0242765370018526,1
"344","TRIS_A",2022,"mixed","CODPAC","Gadus macrocephalus","Pacific cod",2,4.689341758,0.00719424460431655,0.00277014930458636,1
"345","TRIS_A",2022,"mixed","GREENWHI","Hexagrammos stelleri","Whitespotted greenling",17,54.117530491,0.0611510791366906,0.0319690155233029,1
"346","TRIS_A",2022,"mixed","GUNNCRE","Pholis laeta","Crescent gunnel",126,437.846634234,0.453237410071942,0.258650491248497,1
"347","TRIS_A",2022,"mixed","LINGCOD","Ophiodon elongatus","Lingcod",11,176.7320625,0.039568345323741,0.104401475792903,1
"348","TRIS_A",2022,"mixed","PIPEFISH","Syngnathus leptorhynchus","Bay pipefish",77,69.285812269,0.276978417266187,0.0409294213515652,1
"349","TRIS_A",2022,"mixed","PRICKSN","Lumpenus sagitta","Snake prickleback",24,161.533535917,0.0863309352517986,0.0954232033577991,1
"350","TRIS_A",2022,"mixed","SALCHUM","Oncorhynchus keta","Chum salmon",2,24.484950009,0.00719424460431655,0.0144640699570575,1
"351","TRIS_A",2022,"mixed","SALPINK","Oncorhynchus gorbuscha","Pink salmon",2,10.58375616,0.00719424460431655,0.00625217488499707,1
"352","TRIS_A",2022,"mixed","SCULPSTG","Leptocottus armatus","Pacific staghorn sculpin",8,718.351075115,0.0287769784172662,0.424353743845573,1
"353","TRIS_A",2022,"mixed","SCULSILV","Blepsias cirrhosus","Silverspotted sculpin",1,0.836141004,0.00359712230215827,0.000493936151447109,1
"354","TRIS_A",2022,"mixed","STICK3","Gasterosteus aculeatus","Threespine stickleback",8,34.351078744,0.0287769784172662,0.020292318582271,1
